Wk,Day,Date,Time,Home,xG_x,xG_y,Away,Attendance,Venue,Referee,game_id,Score_x,Score_y,Fouls_x,Corners_x,Crosses_x,Touches_x,Tackles_x,Interceptions_x,Aerials Won_x,Clearances_x,Offsides_x,Goal Kicks_x,Throw Ins_x,Long Balls_x,Fouls_y,Corners_y,Crosses_y,Touches_y,Tackles_y,Interceptions_y,Aerials Won_y,Clearances_y,Offsides_y,Goal Kicks_y,Throw Ins_y,Long Balls_y
1.0,Fri,2023-08-11,20:00,Burnley,0.3,1.9,Manchester City,21572.0,Turf Moor,Craig Pawson,0,0,3,11.0,6.0,7.0,496.0,12.0,7.0,13.0,16.0,0.0,5.0,15.0,65.0,8.0,5.0,15.0,835.0,17.0,4.0,13.0,7.0,1.0,7.0,13.0,77.0
1.0,Sat,2023-08-12,12:30,Arsenal,0.8,1.2,Nott'ham Forest,59984.0,Emirates Stadium,Michael Oliver,1,2,1,12.0,8.0,14.0,902.0,19.0,7.0,12.0,9.0,2.0,6.0,18.0,38.0,12.0,3.0,6.0,336.0,17.0,8.0,20.0,18.0,1.0,5.0,9.0,54.0
1.0,Sat,2023-08-12,15:00,Everton,2.7,1.5,Fulham,39940.0,Goodison Park,Stuart Attwell,2,0,1,12.0,10.0,26.0,531.0,13.0,13.0,9.0,16.0,6.0,9.0,27.0,76.0,6.0,4.0,11.0,691.0,10.0,4.0,14.0,31.0,3.0,6.0,22.0,53.0
1.0,Sat,2023-08-12,15:00,Sheffield Utd,0.5,1.9,Crystal Palace,31194.0,Bramall Lane,John Brooks,3,0,1,18.0,5.0,14.0,441.0,22.0,11.0,13.0,36.0,2.0,10.0,18.0,81.0,11.0,5.0,17.0,745.0,21.0,4.0,31.0,16.0,2.0,6.0,31.0,72.0
1.0,Sat,2023-08-12,15:00,Brighton,4.0,1.5,Luton Town,31872.0,The American Express Community Stadium,David Coote,4,4,1,11.0,6.0,23.0,769.0,13.0,4.0,12.0,14.0,2.0,8.0,16.0,42.0,12.0,7.0,22.0,395.0,17.0,9.0,21.0,28.0,3.0,11.0,11.0,73.0
1.0,Sat,2023-08-12,15:00,Bournemouth,1.3,1.1,West Ham,11245.0,Vitality Stadium,Peter Bankes,5,1,1,9.0,10.0,23.0,693.0,17.0,7.0,16.0,13.0,0.0,8.0,21.0,79.0,14.0,4.0,14.0,489.0,30.0,6.0,29.0,32.0,2.0,7.0,22.0,65.0
1.0,Sat,2023-08-12,17:30,Newcastle Utd,3.3,1.8,Aston Villa,52207.0,St James' Park,Andy Madley,6,5,1,12.0,6.0,11.0,646.0,16.0,7.0,5.0,15.0,2.0,8.0,15.0,49.0,17.0,5.0,16.0,588.0,13.0,6.0,6.0,14.0,0.0,4.0,23.0,37.0
1.0,Sun,2023-08-13,14:00,Brentford,2.2,1.3,Tottenham,17066.0,Gtech Community Stadium,Robert Jones,7,2,2,12.0,3.0,13.0,464.0,17.0,8.0,15.0,35.0,1.0,6.0,20.0,66.0,13.0,6.0,23.0,864.0,16.0,10.0,11.0,18.0,0.0,2.0,16.0,43.0
1.0,Sun,2023-08-13,16:30,Chelsea,1.4,1.3,Liverpool,40096.0,Stamford Bridge,Anthony Taylor,8,1,1,5.0,4.0,26.0,862.0,13.0,7.0,11.0,18.0,3.0,6.0,23.0,65.0,13.0,4.0,12.0,542.0,19.0,10.0,6.0,39.0,5.0,4.0,11.0,58.0
1.0,Mon,2023-08-14,20:00,Manchester Utd,2.2,2.2,Wolves,73358.0,Old Trafford,Simon Hooper,9,1,0,15.0,8.0,17.0,643.0,18.0,8.0,7.0,21.0,1.0,6.0,14.0,51.0,10.0,7.0,23.0,634.0,23.0,18.0,17.0,20.0,3.0,9.0,16.0,53.0
2.0,Fri,2023-08-18,19:45,Nott'ham Forest,1.4,0.5,Sheffield Utd,29432.0,The City Ground,Peter Bankes,10,2,1,5.0,6.0,21.0,624.0,20.0,14.0,30.0,25.0,3.0,6.0,30.0,70.0,9.0,7.0,20.0,613.0,22.0,17.0,20.0,16.0,2.0,9.0,23.0,77.0
2.0,Sat,2023-08-19,15:00,Fulham,0.5,3.7,Brentford,24236.0,Craven Cottage,Darren Bond,11,0,3,13.0,5.0,16.0,598.0,10.0,3.0,12.0,23.0,1.0,4.0,18.0,60.0,12.0,5.0,15.0,527.0,13.0,9.0,12.0,24.0,4.0,5.0,13.0,61.0
2.0,Sat,2023-08-19,15:00,Liverpool,3.0,1.3,Bournemouth,53145.0,Anfield,Thomas Bramall,12,3,1,11.0,10.0,16.0,766.0,15.0,11.0,19.0,15.0,0.0,5.0,18.0,67.0,13.0,2.0,10.0,500.0,18.0,14.0,11.0,27.0,3.0,10.0,21.0,49.0
2.0,Sat,2023-08-19,15:00,Wolves,2.1,2.2,Brighton,31317.0,Molineux Stadium,Andy Madley,13,1,4,14.0,5.0,16.0,604.0,20.0,6.0,5.0,7.0,4.0,4.0,16.0,53.0,11.0,3.0,9.0,710.0,25.0,10.0,5.0,21.0,7.0,2.0,14.0,46.0
2.0,Sat,2023-08-19,17:30,Tottenham,1.7,2.1,Manchester Utd,61910.0,Tottenham Hotspur Stadium,Michael Oliver,14,2,0,9.0,5.0,16.0,675.0,15.0,5.0,3.0,20.0,1.0,8.0,18.0,38.0,8.0,6.0,14.0,584.0,22.0,8.0,10.0,18.0,4.0,3.0,18.0,49.0
2.0,Sat,2023-08-19,20:00,Manchester City,1.0,0.3,Newcastle Utd,,Etihad Stadium,Robert Jones,15,1,0,13.0,3.0,7.0,788.0,11.0,4.0,3.0,10.0,1.0,4.0,19.0,63.0,11.0,0.0,5.0,582.0,10.0,7.0,6.0,11.0,4.0,7.0,12.0,58.0
2.0,Sun,2023-08-20,14:00,Aston Villa,2.9,0.6,Everton,41694.0,Villa Park,Anthony Taylor,16,4,0,8.0,7.0,12.0,698.0,9.0,3.0,9.0,18.0,1.0,6.0,15.0,48.0,12.0,6.0,18.0,479.0,14.0,6.0,8.0,10.0,1.0,6.0,15.0,67.0
2.0,Sun,2023-08-20,16:30,West Ham,1.8,2.5,Chelsea,62451.0,London Stadium,John Brooks,17,3,1,12.0,3.0,9.0,391.0,14.0,18.0,11.0,27.0,3.0,10.0,15.0,50.0,9.0,9.0,34.0,872.0,16.0,3.0,19.0,13.0,2.0,4.0,16.0,29.0
2.0,Mon,2023-08-21,20:00,Crystal Palace,1.0,2.0,Arsenal,24189.0,Selhurst Park,David Coote,18,0,1,14.0,1.0,21.0,574.0,14.0,5.0,14.0,19.0,0.0,6.0,17.0,53.0,10.0,8.0,21.0,627.0,14.0,8.0,13.0,18.0,2.0,3.0,10.0,63.0
3.0,Fri,2023-08-25,20:00,Chelsea,2.2,0.4,Luton Town,39893.0,Stamford Bridge,Robert Jones,19,3,0,15.0,6.0,16.0,789.0,10.0,9.0,14.0,11.0,0.0,10.0,13.0,52.0,12.0,4.0,18.0,427.0,18.0,5.0,6.0,19.0,0.0,8.0,10.0,57.0
3.0,Sat,2023-08-26,12:30,Bournemouth,0.7,2.1,Tottenham,10567.0,Vitality Stadium,Tim Robinson,20,0,2,18.0,6.0,22.0,547.0,17.0,8.0,12.0,12.0,3.0,9.0,23.0,59.0,11.0,2.0,10.0,698.0,22.0,12.0,8.0,29.0,0.0,4.0,17.0,36.0
3.0,Sat,2023-08-26,15:00,Everton,1.3,1.1,Wolves,38851.0,Goodison Park,Craig Pawson,21,0,1,10.0,7.0,27.0,566.0,26.0,10.0,14.0,8.0,1.0,7.0,23.0,68.0,14.0,0.0,14.0,636.0,18.0,5.0,9.0,20.0,1.0,10.0,26.0,72.0
3.0,Sat,2023-08-26,15:00,Brentford,1.0,0.8,Crystal Palace,16997.0,Gtech Community Stadium,Peter Bankes,22,1,1,9.0,8.0,23.0,670.0,9.0,6.0,19.0,9.0,2.0,7.0,18.0,65.0,15.0,6.0,17.0,508.0,20.0,6.0,17.0,25.0,2.0,6.0,13.0,46.0
3.0,Sat,2023-08-26,15:00,Manchester Utd,2.8,1.2,Nott'ham Forest,73595.0,Old Trafford,Stuart Attwell,23,3,2,13.0,11.0,23.0,780.0,15.0,7.0,11.0,25.0,3.0,3.0,15.0,55.0,11.0,3.0,12.0,475.0,19.0,14.0,21.0,31.0,2.0,9.0,14.0,64.0
3.0,Sat,2023-08-26,15:00,Arsenal,3.2,0.6,Fulham,59961.0,Emirates Stadium,Paul Tierney,24,2,2,6.0,8.0,32.0,845.0,14.0,6.0,9.0,11.0,4.0,4.0,19.0,58.0,5.0,3.0,11.0,415.0,18.0,6.0,14.0,37.0,1.0,6.0,6.0,61.0
3.0,Sat,2023-08-26,17:30,Brighton,1.5,3.0,West Ham,31508.0,The American Express Community Stadium,Anthony Taylor,25,1,3,10.0,17.0,41.0,911.0,12.0,6.0,13.0,12.0,1.0,5.0,15.0,53.0,9.0,4.0,10.0,386.0,15.0,19.0,13.0,43.0,2.0,12.0,9.0,53.0
3.0,Sun,2023-08-27,14:00,Sheffield Utd,0.7,3.5,Manchester City,31336.0,Bramall Lane,Jarred Gillett,26,1,2,11.0,1.0,3.0,325.0,11.0,5.0,5.0,31.0,1.0,14.0,11.0,52.0,2.0,12.0,35.0,893.0,12.0,4.0,12.0,6.0,2.0,6.0,11.0,52.0
3.0,Sun,2023-08-27,14:00,Burnley,0.7,2.5,Aston Villa,21591.0,Turf Moor,Michael Salisbury,27,1,3,12.0,4.0,16.0,712.0,10.0,11.0,9.0,14.0,5.0,4.0,14.0,42.0,11.0,6.0,11.0,570.0,15.0,6.0,8.0,15.0,1.0,2.0,10.0,56.0
3.0,Sun,2023-08-27,16:30,Newcastle Utd,2.0,0.9,Liverpool,52214.0,St James' Park,John Brooks,28,1,2,16.0,5.0,13.0,721.0,19.0,5.0,9.0,15.0,0.0,6.0,13.0,48.0,10.0,9.0,16.0,528.0,12.0,8.0,8.0,19.0,1.0,13.0,20.0,65.0
4.0,Fri,2023-09-01,20:00,Luton Town,1.4,1.0,West Ham,10802.0,Kenilworth Road Stadium,Paul Tierney,29,1,2,8.0,9.0,31.0,547.0,14.0,7.0,20.0,25.0,0.0,3.0,21.0,90.0,13.0,6.0,15.0,780.0,22.0,9.0,19.0,34.0,6.0,11.0,20.0,81.0
4.0,Sat,2023-09-02,12:30,Sheffield Utd,1.2,2.5,Everton,31124.0,Bramall Lane,Andy Madley,30,2,2,11.0,4.0,14.0,563.0,16.0,11.0,18.0,39.0,1.0,7.0,27.0,79.0,13.0,6.0,24.0,635.0,23.0,7.0,19.0,18.0,2.0,2.0,26.0,74.0
4.0,Sat,2023-09-02,15:00,Chelsea,2.3,0.8,Nott'ham Forest,39820.0,Stamford Bridge,Tim Robinson,31,0,1,10.0,7.0,38.0,907.0,16.0,6.0,24.0,11.0,2.0,4.0,26.0,44.0,9.0,0.0,4.0,397.0,23.0,9.0,13.0,42.0,3.0,13.0,16.0,57.0
4.0,Sat,2023-09-02,15:00,Manchester City,2.2,1.4,Fulham,52899.0,Etihad Stadium,Michael Oliver,32,5,1,12.0,4.0,9.0,838.0,17.0,8.0,8.0,11.0,1.0,4.0,21.0,66.0,12.0,5.0,11.0,447.0,11.0,7.0,6.0,12.0,1.0,1.0,15.0,51.0
4.0,Sat,2023-09-02,15:00,Brentford,2.9,2.1,Bournemouth,16973.0,Gtech Community Stadium,Robert Madley,33,2,2,6.0,5.0,23.0,662.0,22.0,6.0,22.0,15.0,1.0,8.0,18.0,71.0,13.0,2.0,12.0,483.0,22.0,1.0,15.0,28.0,1.0,14.0,20.0,73.0
4.0,Sat,2023-09-02,15:00,Burnley,1.3,2.2,Tottenham,21750.0,Turf Moor,Darren England,34,2,5,15.0,7.0,12.0,627.0,27.0,8.0,8.0,11.0,2.0,7.0,22.0,78.0,9.0,4.0,7.0,720.0,19.0,13.0,9.0,19.0,1.0,6.0,11.0,49.0
4.0,Sat,2023-09-02,17:30,Brighton,1.3,1.2,Newcastle Utd,31620.0,The American Express Community Stadium,Stuart Attwell,35,3,1,14.0,5.0,9.0,701.0,8.0,11.0,12.0,12.0,5.0,3.0,12.0,50.0,17.0,3.0,11.0,564.0,18.0,3.0,5.0,14.0,0.0,5.0,12.0,57.0
4.0,Sun,2023-09-03,14:00,Liverpool,2.5,0.7,Aston Villa,50109.0,Anfield,Simon Hooper,36,3,0,12.0,7.0,13.0,817.0,14.0,8.0,8.0,11.0,6.0,6.0,11.0,46.0,7.0,3.0,10.0,512.0,15.0,9.0,2.0,17.0,1.0,6.0,16.0,60.0
4.0,Sun,2023-09-03,14:00,Crystal Palace,2.1,1.2,Wolves,24741.0,Selhurst Park,Robert Jones,37,3,2,12.0,4.0,17.0,545.0,24.0,10.0,12.0,20.0,1.0,13.0,16.0,66.0,12.0,2.0,22.0,676.0,26.0,8.0,13.0,14.0,2.0,6.0,22.0,59.0
4.0,Sun,2023-09-03,16:30,Arsenal,2.3,0.9,Manchester Utd,60192.0,Emirates Stadium,Anthony Taylor,38,3,1,8.0,12.0,26.0,680.0,11.0,8.0,13.0,8.0,2.0,0.0,17.0,45.0,7.0,3.0,3.0,589.0,15.0,8.0,13.0,28.0,1.0,2.0,14.0,53.0
5.0,Sat,2023-09-16,12:30,Wolves,0.6,2.5,Liverpool,31257.0,Molineux Stadium,Michael Oliver,39,1,3,10.0,4.0,15.0,545.0,22.0,13.0,7.0,23.0,1.0,7.0,23.0,55.0,4.0,4.0,18.0,884.0,24.0,9.0,11.0,20.0,0.0,7.0,26.0,58.0
5.0,Sat,2023-09-16,15:00,Fulham,1.0,1.1,Luton Town,24467.0,Craven Cottage,Michael Salisbury,40,1,0,6.0,6.0,24.0,947.0,17.0,7.0,11.0,10.0,0.0,5.0,23.0,58.0,14.0,2.0,12.0,366.0,20.0,11.0,18.0,17.0,1.0,10.0,18.0,46.0
5.0,Sat,2023-09-16,15:00,West Ham,0.9,3.6,Manchester City,62475.0,London Stadium,Andy Madley,41,1,3,7.0,4.0,12.0,474.0,14.0,14.0,12.0,34.0,1.0,6.0,12.0,42.0,11.0,11.0,25.0,837.0,11.0,7.0,8.0,9.0,0.0,2.0,13.0,46.0
5.0,Sat,2023-09-16,15:00,Aston Villa,3.0,1.2,Crystal Palace,40809.0,Villa Park,Darren England,42,3,1,13.0,4.0,29.0,786.0,26.0,7.0,11.0,12.0,1.0,6.0,23.0,65.0,9.0,2.0,14.0,479.0,23.0,12.0,6.0,36.0,0.0,2.0,19.0,58.0
5.0,Sat,2023-09-16,15:00,Manchester Utd,1.0,1.7,Brighton,73592.0,Old Trafford,Jarred Gillett,43,1,3,8.0,8.0,19.0,612.0,16.0,4.0,1.0,2.0,4.0,3.0,14.0,60.0,9.0,1.0,4.0,788.0,19.0,10.0,5.0,19.0,1.0,3.0,9.0,54.0
5.0,Sat,2023-09-16,15:00,Tottenham,2.1,0.7,Sheffield Utd,61706.0,Tottenham Hotspur Stadium,Peter Bankes,44,2,1,13.0,15.0,32.0,794.0,17.0,6.0,15.0,7.0,2.0,1.0,23.0,47.0,14.0,2.0,6.0,428.0,22.0,10.0,21.0,38.0,3.0,13.0,11.0,66.0
5.0,Sat,2023-09-16,17:30,Newcastle Utd,1.4,0.5,Brentford,51670.0,St James' Park,Craig Pawson,45,1,0,8.0,8.0,26.0,627.0,12.0,6.0,22.0,20.0,0.0,9.0,27.0,61.0,12.0,3.0,15.0,526.0,30.0,9.0,20.0,26.0,1.0,7.0,20.0,77.0
5.0,Sun,2023-09-17,14:00,Bournemouth,1.0,1.8,Chelsea,10421.0,Vitality Stadium,David Coote,46,0,0,15.0,1.0,16.0,477.0,14.0,17.0,6.0,27.0,1.0,7.0,18.0,54.0,20.0,7.0,14.0,733.0,9.0,5.0,5.0,16.0,2.0,12.0,18.0,51.0
5.0,Sun,2023-09-17,16:30,Everton,0.3,1.0,Arsenal,39217.0,Goodison Park,Simon Hooper,47,0,1,12.0,1.0,5.0,348.0,19.0,10.0,10.0,17.0,1.0,9.0,11.0,64.0,10.0,11.0,18.0,797.0,9.0,6.0,9.0,12.0,4.0,4.0,24.0,66.0
5.0,Mon,2023-09-18,19:45,Nott'ham Forest,0.7,0.5,Burnley,28958.0,The City Ground,Robert Jones,48,1,1,16.0,5.0,18.0,557.0,13.0,6.0,17.0,18.0,2.0,8.0,19.0,69.0,10.0,4.0,18.0,640.0,10.0,7.0,13.0,32.0,2.0,6.0,20.0,67.0
6.0,Sat,2023-09-23,15:00,Manchester City,1.3,1.0,Nott'ham Forest,53413.0,Etihad Stadium,Anthony Taylor,49,2,0,5.0,6.0,11.0,689.0,8.0,6.0,7.0,22.0,0.0,8.0,15.0,65.0,17.0,6.0,17.0,537.0,18.0,8.0,7.0,14.0,3.0,3.0,14.0,40.0
6.0,Sat,2023-09-23,15:00,Luton Town,2.1,0.6,Wolves,10893.0,Kenilworth Road Stadium,Joshua Smith,50,1,1,12.0,10.0,44.0,609.0,20.0,8.0,19.0,5.0,1.0,2.0,21.0,83.0,17.0,1.0,6.0,523.0,14.0,4.0,21.0,39.0,1.0,14.0,13.0,70.0
6.0,Sat,2023-09-23,15:00,Crystal Palace,0.3,0.6,Fulham,25072.0,Selhurst Park,Paul Tierney,51,0,0,10.0,3.0,15.0,620.0,14.0,5.0,13.0,24.0,3.0,6.0,20.0,67.0,15.0,2.0,18.0,620.0,27.0,9.0,16.0,20.0,1.0,2.0,15.0,59.0
6.0,Sat,2023-09-23,17:30,Brentford,1.0,1.9,Everton,16981.0,Gtech Community Stadium,Michael Oliver,52,1,3,9.0,1.0,11.0,731.0,20.0,7.0,17.0,17.0,3.0,12.0,20.0,70.0,12.0,4.0,20.0,586.0,16.0,7.0,28.0,20.0,1.0,4.0,22.0,71.0
6.0,Sat,2023-09-23,20:00,Burnley,1.1,1.0,Manchester Utd,21593.0,Turf Moor,Tony Harrington,53,0,1,6.0,9.0,24.0,777.0,13.0,7.0,12.0,14.0,1.0,3.0,9.0,51.0,12.0,5.0,12.0,533.0,13.0,7.0,11.0,27.0,3.0,4.0,16.0,59.0
6.0,Sun,2023-09-24,14:00,Arsenal,1.8,1.4,Tottenham,60156.0,Emirates Stadium,Robert Jones,54,2,2,12.0,11.0,20.0,529.0,24.0,11.0,14.0,12.0,2.0,1.0,17.0,60.0,19.0,4.0,10.0,588.0,28.0,6.0,8.0,22.0,3.0,9.0,17.0,39.0
6.0,Sun,2023-09-24,14:00,Brighton,1.9,1.1,Bournemouth,31617.0,The American Express Community Stadium,John Brooks,55,3,1,12.0,4.0,13.0,677.0,24.0,10.0,11.0,14.0,1.0,0.0,14.0,59.0,17.0,4.0,9.0,463.0,23.0,10.0,1.0,14.0,1.0,5.0,15.0,60.0
6.0,Sun,2023-09-24,14:00,Chelsea,1.3,1.0,Aston Villa,39700.0,Stamford Bridge,Jarred Gillett,56,0,1,9.0,5.0,14.0,609.0,23.0,4.0,14.0,29.0,10.0,4.0,18.0,54.0,11.0,11.0,23.0,560.0,21.0,9.0,7.0,16.0,1.0,6.0,16.0,62.0
6.0,Sun,2023-09-24,14:00,Liverpool,3.0,1.1,West Ham,50136.0,Anfield,Chris Kavanagh,57,3,1,12.0,7.0,20.0,817.0,17.0,9.0,26.0,20.0,2.0,0.0,17.0,54.0,13.0,4.0,17.0,518.0,24.0,8.0,9.0,30.0,1.0,11.0,19.0,60.0
6.0,Sun,2023-09-24,16:30,Sheffield Utd,0.9,3.9,Newcastle Utd,31127.0,Bramall Lane,Stuart Attwell,58,0,8,12.0,2.0,7.0,591.0,19.0,12.0,9.0,24.0,3.0,6.0,16.0,66.0,8.0,5.0,16.0,762.0,19.0,7.0,11.0,8.0,1.0,6.0,17.0,56.0
7.0,Sat,2023-09-30,12:30,Aston Villa,1.6,1.7,Brighton,40636.0,Villa Park,Andy Madley,59,6,1,19.0,1.0,6.0,450.0,21.0,4.0,5.0,12.0,0.0,8.0,22.0,59.0,21.0,3.0,10.0,651.0,19.0,8.0,8.0,13.0,6.0,0.0,12.0,36.0
7.0,Sat,2023-09-30,15:00,Wolves,0.4,0.9,Manchester City,31415.0,Molineux Stadium,Craig Pawson,60,2,1,18.0,0.0,6.0,422.0,12.0,10.0,5.0,29.0,2.0,9.0,9.0,58.0,12.0,6.0,21.0,732.0,15.0,4.0,2.0,7.0,0.0,3.0,25.0,36.0
7.0,Sat,2023-09-30,15:00,Bournemouth,0.6,3.4,Arsenal,11193.0,Vitality Stadium,Michael Salisbury,61,0,4,11.0,6.0,15.0,533.0,16.0,9.0,6.0,6.0,2.0,4.0,17.0,50.0,10.0,6.0,4.0,686.0,28.0,9.0,9.0,14.0,0.0,4.0,12.0,38.0
7.0,Sat,2023-09-30,15:00,Everton,2.9,0.9,Luton Town,39289.0,Goodison Park,Anthony Taylor,62,1,2,8.0,3.0,32.0,801.0,23.0,5.0,30.0,16.0,2.0,8.0,37.0,101.0,10.0,6.0,12.0,474.0,24.0,10.0,25.0,30.0,3.0,18.0,26.0,96.0
7.0,Sat,2023-09-30,15:00,Newcastle Utd,3.2,0.6,Burnley,51687.0,St James' Park,Thomas Bramall,63,2,0,7.0,5.0,19.0,670.0,21.0,4.0,19.0,10.0,1.0,2.0,18.0,57.0,15.0,3.0,6.0,611.0,13.0,4.0,7.0,23.0,3.0,9.0,19.0,67.0
7.0,Sat,2023-09-30,15:00,West Ham,2.1,1.1,Sheffield Utd,62459.0,London Stadium,Graham Scott,64,2,0,6.0,7.0,19.0,647.0,16.0,7.0,16.0,19.0,2.0,11.0,14.0,67.0,9.0,4.0,17.0,591.0,14.0,1.0,15.0,20.0,3.0,8.0,23.0,60.0
7.0,Sat,2023-09-30,15:00,Manchester Utd,1.3,0.9,Crystal Palace,73428.0,Old Trafford,Chris Kavanagh,65,0,1,10.0,10.0,33.0,925.0,32.0,4.0,10.0,13.0,2.0,6.0,31.0,58.0,8.0,4.0,10.0,413.0,26.0,17.0,13.0,40.0,0.0,11.0,17.0,48.0
7.0,Sat,2023-09-30,17:30,Tottenham,2.2,1.3,Liverpool,62001.0,Tottenham Hotspur Stadium,Simon Hooper,66,2,1,11.0,11.0,29.0,840.0,23.0,11.0,8.0,15.0,4.0,4.0,20.0,25.0,17.0,5.0,11.0,531.0,15.0,6.0,9.0,24.0,1.0,6.0,23.0,69.0
7.0,Sun,2023-10-01,14:00,Nott'ham Forest,0.5,1.6,Brentford,29004.0,The City Ground,Paul Tierney,67,1,1,6.0,1.0,12.0,567.0,17.0,6.0,15.0,40.0,2.0,11.0,19.0,73.0,10.0,11.0,29.0,738.0,11.0,10.0,25.0,10.0,1.0,5.0,25.0,58.0
7.0,Mon,2023-10-02,20:00,Fulham,1.1,1.7,Chelsea,24445.0,Craven Cottage,Tim Robinson,68,0,2,15.0,8.0,22.0,710.0,16.0,13.0,9.0,5.0,2.0,4.0,21.0,71.0,12.0,1.0,4.0,612.0,24.0,8.0,8.0,28.0,4.0,2.0,17.0,42.0
2.0,Tue,2023-10-03,19:30,Luton Town,1.3,1.1,Burnley,10918.0,Kenilworth Road Stadium,Peter Bankes,69,1,2,14.0,7.0,31.0,563.0,14.0,8.0,35.0,17.0,3.0,10.0,29.0,111.0,6.0,6.0,12.0,586.0,15.0,7.0,23.0,38.0,3.0,12.0,21.0,100.0
8.0,Sat,2023-10-07,12:30,Luton Town,0.8,1.9,Tottenham,10290.0,Kenilworth Road Stadium,John Brooks,70,0,1,16.0,5.0,26.0,440.0,26.0,12.0,9.0,25.0,4.0,10.0,21.0,76.0,7.0,6.0,13.0,740.0,20.0,9.0,15.0,29.0,4.0,9.0,29.0,56.0
8.0,Sat,2023-10-07,15:00,Everton,2.4,0.7,Bournemouth,38815.0,Goodison Park,David Coote,71,3,0,14.0,8.0,25.0,590.0,28.0,5.0,23.0,18.0,2.0,8.0,23.0,77.0,15.0,7.0,18.0,632.0,20.0,6.0,16.0,29.0,0.0,11.0,24.0,79.0
8.0,Sat,2023-10-07,15:00,Manchester Utd,1.4,0.9,Brentford,73453.0,Old Trafford,Andy Madley,72,2,1,10.0,7.0,36.0,723.0,4.0,10.0,13.0,9.0,4.0,2.0,33.0,75.0,17.0,5.0,8.0,476.0,18.0,16.0,9.0,45.0,0.0,10.0,14.0,68.0
8.0,Sat,2023-10-07,15:00,Burnley,0.7,1.9,Chelsea,,Turf Moor,Stuart Attwell,73,1,4,11.0,7.0,9.0,532.0,24.0,4.0,10.0,10.0,4.0,5.0,20.0,51.0,8.0,3.0,13.0,799.0,22.0,9.0,9.0,10.0,2.0,1.0,18.0,57.0
8.0,Sat,2023-10-07,15:00,Fulham,2.2,0.6,Sheffield Utd,24361.0,Craven Cottage,Samuel Barrott,74,3,1,8.0,9.0,29.0,706.0,24.0,12.0,20.0,13.0,2.0,1.0,29.0,79.0,10.0,4.0,12.0,514.0,20.0,11.0,18.0,36.0,1.0,10.0,19.0,87.0
8.0,Sat,2023-10-07,17:30,Crystal Palace,0.8,1.0,Nott'ham Forest,,Selhurst Park,Craig Pawson,75,0,0,7.0,3.0,13.0,664.0,18.0,6.0,10.0,21.0,0.0,5.0,12.0,58.0,12.0,7.0,18.0,626.0,20.0,9.0,13.0,23.0,2.0,6.0,14.0,56.0
8.0,Sun,2023-10-08,14:00,West Ham,1.2,2.0,Newcastle Utd,,London Stadium,Peter Bankes,76,2,2,11.0,4.0,15.0,423.0,11.0,8.0,16.0,9.0,2.0,9.0,15.0,71.0,18.0,2.0,12.0,719.0,8.0,3.0,15.0,19.0,1.0,4.0,19.0,62.0
8.0,Sun,2023-10-08,14:00,Wolves,1.7,1.6,Aston Villa,,Molineux Stadium,Robert Jones,77,1,1,19.0,2.0,10.0,478.0,13.0,5.0,10.0,25.0,3.0,7.0,14.0,51.0,9.0,10.0,31.0,536.0,7.0,11.0,6.0,10.0,1.0,5.0,15.0,46.0
8.0,Sun,2023-10-08,14:00,Brighton,2.3,2.3,Liverpool,31752.0,The American Express Community Stadium,Anthony Taylor,78,2,2,12.0,8.0,14.0,559.0,17.0,13.0,5.0,14.0,1.0,5.0,18.0,51.0,20.0,1.0,8.0,631.0,22.0,11.0,6.0,19.0,0.0,2.0,13.0,46.0
8.0,Sun,2023-10-08,16:30,Arsenal,0.4,0.5,Manchester City,60233.0,Emirates Stadium,Michael Oliver,79,1,0,8.0,5.0,11.0,638.0,20.0,9.0,5.0,9.0,2.0,3.0,17.0,57.0,7.0,4.0,10.0,638.0,22.0,5.0,8.0,16.0,0.0,5.0,13.0,53.0
