minute_bucket,tweet_volume,avg_sentiment
-15.0,296,0.25
-10.0,316,0.27531645569620256
-5.0,520,0.3269230769230769
0.0,643,0.3499222395023328
5.0,2169,-0.3623789764868603
10.0,1548,-0.5510335917312662
15.0,778,-0.21979434447300772
20.0,492,-0.11178861788617886
25.0,300,-0.23
30.0,423,0.08274231678486997
35.0,578,-0.01384083044982699
40.0,323,-0.17337461300309598
45.0,211,-0.22274881516587677
50.0,227,-0.11013215859030837
55.0,207,-0.09178743961352658
60.0,157,0.006369426751592357
65.0,70,-0.08571428571428572
70.0,64,0.078125
75.0,59,0.1864406779661017
80.0,60,0.35
85.0,44,-0.20454545454545456
90.0,73,0.0
95.0,69,0.10144927536231885
100.0,53,-0.24528301886792453
105.0,60,-0.15
110.0,1,1.0
